1,1,Amogus,Start,'12:10:02'
2,1,Amogus,Success,'12:20:29'
3,2,Sus,Start,'12:32:42'
4,2,Sus,Success,'12:42:55'
5,3,Lastone,Start,'13:08:20'
6,3,Lastone,Success,'13:20:29'
7,4,Aboba,Start,'15:10:02'
8,4,Aboba,Success,'15:20:29'
9,5,Sus,Start,'15:32:42'
10,5,Sus,Success,'15:42:55'
11,6,Lastone,Start,'16:08:20'
12,6,Lastone,Success,'16:20:29'
13,7,Aboba,Start,'11:06:21'
14,7,Aboba,Failure,'11:09:03'
15,8,Onemore,Start,'13:40:10'
16,8,Onemore,Failure,'13:50:33'
17,9,Lastone,Start,'15:20:25'
18,9,Lastone,Success,'15:30:21'
19,10,Aboba,Start,'12:32:29'
20,10,Aboba,Success,'12:42:20'
21,11,Onemore,Start,'10:21:20'
22,11,Onemore,Success,'10:31:10'
23,12,Lastone,Start,'10:22:15'
24,12,Lastone,Success,'10:31:02'
25,13,Amogus,Start,'15:23:12'
26,13,Amogus,Failure,'15:25:22'
27,14,Aboba,Start,'15:20:29'
28,14,Aboba,Success,'15:29:20'
29,15,Lastone,Start,'16:32:29'
30,15,Lastone,Success,'16:42:20'
31,16,Sus,Start,'10:27:12'
32,16,Sus,Success,'10:32:20'
33,17,Onemore,Start,'11:40:05'
34,17,Onemore,Failure,'11:48:25'
35,18,Lastone,Start,'12:10:50'
36,18,Lastone,Failure,'12:12:55'
37,19,Aboba,Start,'15:20:42'
38,19,Aboba,Success,'15:29:32'
39,20,Lastone,Start,'16:32:29'
40,20,Lastone,Success,'16:42:20'
41,21,Aboba,Start,'10:20:00'
42,21,Aboba,Success,'10:29:00'
43,22,Lastone,Start,'10:32:00'
44,22,Lastone,Success,'10:42:00'
45,23,Aboba,Start,'10:20:00'
46,23,Aboba,Success,'10:29:00'
47,24,Lastone,Start,'10:32:00'
48,24,Lastone,Success,'10:42:00'
49,25,Aboba,Start,'10:22:04'
50,25,Aboba,Success,'10:29:20'
51,26,Lastone,Start,'10:32:00'
52,26,Lastone,Success,'10:42:00'
53,27,Aboba,Start,'10:20:00'
54,27,Aboba,Success,'10:29:00'
55,28,Lastone,Start,'10:32:00'
56,28,Lastone,Success,'10:42:00'
